<?xml version="1.0" encoding="UTF-8"?>
<!DOCTYPE mapper PUBLIC "-//mybatis.org//DTD Mapper 3.0//EN" "http://mybatis.org/dtd/mybatis-3-mapper.dtd">

<mapper namespace="com.bootdo.system.dao.ChanpinxinxiDao">

	<select id="get" resultType="com.bootdo.system.domain.ChanpinxinxiDO">
		select `id`,`name` ,`shangjiid` from tb_chanpinxinxi where id = #{value}
	</select>

	<select id="queryList" resultType="com.bootdo.system.domain.GangzhongzuDO">
	 select  A.id, A.name
	from tb_chanpinxinxi AS A
	where shangjiid=0
	</select>

<!--	<select id="queryList1" resultType="com.bootdo.system.domain.JihaoDO" parameterType="java.lang.Integer">-->
<!--	 select  B.id, B.name-->
<!--	from tb_chanpinxinxi AS B-->
<!--	 where-->
<!--			 shangjiid=#{_parameter}-->
<!--	</select>-->
	<select id="queryList2" resultType="com.bootdo.system.domain.LuciDO" parameterType="java.lang.Integer">
		select  C.id, C.name
		from tb_chanpinxinxi AS C
		where
			shangjiid=#{_parameter}
	</select>


	<select id="list" resultType="com.bootdo.system.domain.ChanpinxinxiDO">
		select `id`,`name`,`shangjiid` from tb_chanpinxinxi
        <where>
		  		  <if test="id != null and id != ''"> and id = #{id} </if>
		  		  <if test="name != null and name != ''"> and name = #{name} </if>
			      <if test="shangjiid != null and shangjiid!=''"> and shangjiid = #{shangjiid} </if>
		  		</where>
        <choose>
            <when test="sort != null and sort.trim() != ''">
                order by ${sort} ${order}
            </when>
			<otherwise>
                order by id asc
			</otherwise>
        </choose>
		<if test="offset != null and limit != null">
			limit #{offset}, #{limit}
		</if>
	</select>

 	<select id="count" resultType="int">
		select count(*) from tb_chanpinxinxi
		 <where>
		  		  <if test="id != null and id != ''"> and id = #{id} </if>
		  		  <if test="name != null and name != ''"> and name = #{name} </if>
			      <if test="shangjiid != null and shangjiid!=''"> and shangjiid = #{shangjiid} </if>
		  		</where>
	</select>

	<insert id="save" parameterType="com.bootdo.system.domain.ChanpinxinxiDO">
		insert into tb_chanpinxinxi
		(
			`id`,
			`name`,
			`shangjiid`
		)
		values
		(
			#{id},
			#{name},
			#{shangjiid}

		)
	</insert>

	<update id="update" parameterType="com.bootdo.system.domain.ChanpinxinxiDO">
		update tb_chanpinxinxi
		<set>
			<if test="name != null">`name` = #{name}, </if>
			<if test="shangjiid != null">`shangjiid` = #{shangjiid}, </if>
		</set>
		where id = #{id}
	</update>

	<delete id="remove">
		delete from tb_chanpinxinxi where id = #{value}
	</delete>

	<delete id="batchRemove">
		delete from tb_chanpinxinxi where id in
		<foreach item="id" collection="array" open="(" separator="," close=")">
			#{id}
		</foreach>
	</delete>

</mapper>