<?xml version="1.0" encoding="UTF-8"?>
<!DOCTYPE mapper PUBLIC "-//mybatis.org//DTD Mapper 3.0//EN" "http://mybatis.org/dtd/mybatis-3-mapper.dtd">

<mapper namespace="com.bootdo.wuliao.dao.Liaocang1Dao">

	<select id="get" resultType="com.bootdo.wuliao.domain.Liaocang1DO">
		select a.ID,a.Luci,a.LiaoCangHao,a.name,a.LiaoCangMingCheng,a.checi,a.chepaihao,a.DangQianPinZhong,a.DangQianShuLiang,a.GongXu,a.PiCiHao,a.ChengFen,a.ZhuangTai,a.BeiZhu
		from tb_liaocang a
		where ID=#{value}
	</select>

	<select id="list1" resultType="com.bootdo.wuliao.domain.Liaocang1DO">
		select a.ID,a.LiaoCangHao,a.name,a.LiaoCangMingCheng,a.checi,a.chepaihao,a.DangQianPinZhong,a.DangQianShuLiang,a.GongXu,a.PiCiHao,a.ChengFen,a.ZhuangTai,a.BeiZhu
		from tb_liaocang a
		where a.LiaoCangMingCheng='合金仓库'

	</select>

	
 	<select id="count" resultType="int">
		select count(*) from tb_liaocang
		 <where>  
		  		  <if test="id != null and id != ''"> and ID = #{id} </if>
		  		  <if test="liaocanghao != null and liaocanghao != ''"> and LiaoCangHao = #{liaocanghao} </if>
			      <if test="name != null and name != ''"> and name = #{name} </if>
			 <if test="checi != null and checi != ''"> and checi = #{checi} </if>
			 <if test="chepaihao != null and chepaihao != ''"> and chepaihao = #{chepaihao} </if>
		  		  <if test="liaocangmingcheng != null and liaocangmingcheng != ''"> and LiaoCangMingCheng = #{liaocangmingcheng} </if>
		  		  <if test="dangqianpinzhong != null and dangqianpinzhong != ''"> and DangQianPinZhong = #{dangqianpinzhong} </if>
		  		  <if test="dangqianshuliang != null and dangqianshuliang != ''"> and DangQianShuLiang = #{dangqianshuliang} </if>
		  		  <if test="gongxu != null and gongxu != ''"> and GongXu = #{gongxu} </if>
			      <if test="picihao != null and picihao!=''"> and PiCiHao = #{picihao} </if>
			      <if test="chengfen != null and chengfen!=''">and Chengfen = #{chengfen} </if>
		  		  <if test="zhuangtai != null and zhuangtai != ''"> and ZhuangTai = #{zhuangtai} </if>
		  		  <if test="beizhu != null and beizhu != ''"> and BeiZhu = #{beizhu} </if>
		  		</where>
	</select>
	 
	<insert id="save" parameterType="com.bootdo.wuliao.domain.Liaocang1DO" useGeneratedKeys="true" keyProperty="id">
		insert into tb_liaocang
		(
			`LiaoCangHao`,
		    `name`,
			`LiaoCangMingCheng`,
		    `checi`,
		    `chepaihao`,
			`DangQianPinZhong`,
			`DangQianShuLiang`, 
			`GongXu`,
			`PiCiHao`,
			`Chengfen`,
			`ZhuangTai`, 
			`BeiZhu`
		)
		values
		(
			#{liaocanghao},
		    #{name},
			#{liaocangmingcheng},
		    #{checi},
		    #{chepaihao},
			#{dangqianpinzhong},
			#{dangqianshuliang}, 
			#{gongxu},
			#{picihao},
			#{chengfen},
			#{zhuangtai}, 
			#{beizhu}
		)
	</insert>
	 
	<update id="update" parameterType="com.bootdo.wuliao.domain.Liaocang1DO">
		update tb_liaocang 
		<set>
			<if test="liaocanghao != null">`LiaoCangHao` = #{liaocanghao}, </if>
			<if test="name != null">`name` = #{name}, </if>
			<if test="liaocangmingcheng != null">`LiaoCangMingCheng` = #{liaocangmingcheng}, </if>
			<if test="checi != null"> `checi` = #{checi}, </if>
			<if test="chepaihao != null"> `chepaihao` = #{chepaihao}, </if>
			<if test="dangqianpinzhong != null">`DangQianPinZhong` = #{dangqianpinzhong}, </if>
			<if test="dangqianshuliang != null">`DangQianShuLiang` = #{dangqianshuliang}, </if>
			<if test="gongxu != null">`GongXu` = #{gongxu}, </if>
			<if test="picihao != null">`PiCiHao` = #{picihao}, </if>
			<if test="chengfen != null">`Chengfen` = #{chengfen}, </if>
			<if test="zhuangtai != null">`ZhuangTai` = #{zhuangtai}, </if>
			<if test="beizhu != null">`BeiZhu` = #{beizhu}</if>
		</set>
		where ID = #{id}
	</update>
	
	<delete id="remove">
		delete from tb_liaocang where ID = #{value}
	</delete>
	
	<delete id="batchRemove">
		delete from tb_liaocang where ID in 
		<foreach item="id" collection="array" open="(" separator="," close=")">
			#{id}
		</foreach>
	</delete>

</mapper>