<?xml version="1.0" encoding="UTF-8"?>
<!DOCTYPE mapper PUBLIC "-//mybatis.org//DTD Mapper 3.0//EN" "http://mybatis.org/dtd/mybatis-3-mapper.dtd">

<mapper namespace="com.bootdo.wuliao.dao.LiaocangyuliangbiaoDao">

	<select id="get" resultType="com.bootdo.wuliao.domain.LiaocangyuliangbiaoDO">
		select `ID`,`LiaoCangHao`,`LiaoCangMingCheng`,`DangQianPinZhong`,`DangQianShuLiang`,`GongXu`,`ZhuangTai`,`BeiZhu` from tb_liaocangyuliangbiao where ID = #{value}
	</select>

	<select id="list" resultType="com.bootdo.wuliao.domain.LiaocangyuliangbiaoDO">
		select `ID`,`LiaoCangHao`,`LiaoCangMingCheng`,`DangQianPinZhong`,`DangQianShuLiang`,`GongXu`,`ZhuangTai`,`BeiZhu` from tb_liaocangyuliangbiao
        <where>  
		  		  <if test="id != null and id != ''"> and ID = #{id} </if>
		  		  <if test="liaocanghao != null and liaocanghao != ''"> and LiaoCangHao = #{liaocanghao} </if>
		  		  <if test="liaocangmingcheng != null and liaocangmingcheng != ''"> and LiaoCangMingCheng = #{liaocangmingcheng} </if>
		  		  <if test="dangqianpinzhong != null and dangqianpinzhong != ''"> and DangQianPinZhong = #{dangqianpinzhong} </if>
		  		  <if test="dangqianshuliang != null and dangqianshuliang != ''"> and DangQianShuLiang = #{dangqianshuliang} </if>
		  		  <if test="gongxu != null and gongxu != ''"> and GongXu = #{gongxu} </if>
		  		  <if test="zhuangtai != null and zhuangtai != ''"> and ZhuangTai = #{zhuangtai} </if>
		  		  <if test="beizhu != null and beizhu != ''"> and BeiZhu = #{beizhu} </if>
		  		</where>
        <choose>
            <when test="sort != null and sort.trim() != ''">
                order by ${sort} ${order}
            </when>
			<otherwise>
                order by ID asc
			</otherwise>
        </choose>
		<if test="offset != null and limit != null">
			limit #{offset}, #{limit}
		</if>
	</select>
	
 	<select id="count" resultType="int">
		select count(*) from tb_liaocangyuliangbiao
		 <where>  
		  		  <if test="id != null and id != ''"> and ID = #{id} </if>
		  		  <if test="liaocanghao != null and liaocanghao != ''"> and LiaoCangHao = #{liaocanghao} </if>
		  		  <if test="liaocangmingcheng != null and liaocangmingcheng != ''"> and LiaoCangMingCheng = #{liaocangmingcheng} </if>
		  		  <if test="dangqianpinzhong != null and dangqianpinzhong != ''"> and DangQianPinZhong = #{dangqianpinzhong} </if>
		  		  <if test="dangqianshuliang != null and dangqianshuliang != ''"> and DangQianShuLiang = #{dangqianshuliang} </if>
		  		  <if test="gongxu != null and gongxu != ''"> and GongXu = #{gongxu} </if>
		  		  <if test="zhuangtai != null and zhuangtai != ''"> and ZhuangTai = #{zhuangtai} </if>
		  		  <if test="beizhu != null and beizhu != ''"> and BeiZhu = #{beizhu} </if>
		  		</where>
	</select>
	 
	<insert id="save" parameterType="com.bootdo.wuliao.domain.LiaocangyuliangbiaoDO" useGeneratedKeys="true" keyProperty="id">
		insert into tb_liaocangyuliangbiao
		(
			`LiaoCangHao`, 
			`LiaoCangMingCheng`, 
			`DangQianPinZhong`, 
			`DangQianShuLiang`, 
			`GongXu`, 
			`ZhuangTai`, 
			`BeiZhu`
		)
		values
		(
			#{liaocanghao}, 
			#{liaocangmingcheng}, 
			#{dangqianpinzhong}, 
			#{dangqianshuliang}, 
			#{gongxu}, 
			#{zhuangtai}, 
			#{beizhu}
		)
	</insert>
	 
	<update id="update" parameterType="com.bootdo.wuliao.domain.LiaocangyuliangbiaoDO">
		update tb_liaocangyuliangbiao 
		<set>
			<if test="liaocanghao != null">`LiaoCangHao` = #{liaocanghao}, </if>
			<if test="liaocangmingcheng != null">`LiaoCangMingCheng` = #{liaocangmingcheng}, </if>
			<if test="dangqianpinzhong != null">`DangQianPinZhong` = #{dangqianpinzhong}, </if>
			<if test="dangqianshuliang != null">`DangQianShuLiang` = #{dangqianshuliang}, </if>
			<if test="gongxu != null">`GongXu` = #{gongxu}, </if>
			<if test="zhuangtai != null">`ZhuangTai` = #{zhuangtai}, </if>
			<if test="beizhu != null">`BeiZhu` = #{beizhu}</if>
		</set>
		where ID = #{id}
	</update>
	
	<delete id="remove">
		delete from tb_liaocangyuliangbiao where ID = #{value}
	</delete>
	
	<delete id="batchRemove">
		delete from tb_liaocangyuliangbiao where ID in 
		<foreach item="id" collection="array" open="(" separator="," close=")">
			#{id}
		</foreach>
	</delete>


	<resultMap id="sssss" type="com.bootdo.wuliao.vo.ProductTotal">
		<result column="LiaoCangMingCheng" property="liaocangmingcheng" javaType="string"></result>
		<result column="DangQianPinZhong" property="dangqianpinzhong" javaType="string"></result>
		<result column="ss" property="dangqianzongshuliang" javaType="Float"></result>
	</resultMap>

	<select id="selectGroup" resultMap="sssss">
    SELECT A.LiaoCangMingCheng, A.DangQianPinZhong, SUM(A.DangQianShuLiang) ss FROM `tb_liaocangyuliangbiao` A  GROUP BY A.DangQianPinZhong,A.LiaoCangMingCheng ORDER BY SUM(A.DangQianShuLiang);
    </select>



</mapper>