<?xml version="1.0" encoding="UTF-8"?>
<!DOCTYPE mapper PUBLIC "-//mybatis.org//DTD Mapper 3.0//EN" "http://mybatis.org/dtd/mybatis-3-mapper.dtd">

<mapper namespace="com.bootdo.wuliao.dao.LiaocangDao">

	<select id="get" resultType="com.bootdo.wuliao.domain.LiaocangDO">
		select a.ID,a.Luci,a.LiaoCangHao,a.LiaoCangMingCheng,a.DangQianPinZhong,a.DangQianShuLiang,a.GongXu,a.PiCiHao,a.ChengFen,a.ZhuangTai,a.BeiZhu
		from tb_liaocang a
		where ID=#{value}
	</select>

	<select id="list" resultType="com.bootdo.wuliao.domain.LiaocangDO">
		select a.ID,a.Luci,a.LiaoCangHao,a.LiaoCangMingCheng,a.DangQianPinZhong,a.DangQianShuLiang,a.GongXu,a.PiCiHao,a.ChengFen,a.ZhuangTai,a.BeiZhu
		from tb_liaocang a
		where a.LiaoCangMingCheng='高位料仓'

	</select>


	
 	<select id="count" resultType="int">
		select count(*) from tb_liaocang
		 <where>  
		  		  <if test="id != null and id != ''"> and ID = #{id} </if>
			     <if test="luci != null and luci != ''"> and Luci = #{luci} </if>
		  		  <if test="liaocanghao != null and liaocanghao != ''"> and LiaoCangHao = #{liaocanghao} </if>
		  		  <if test="liaocangmingcheng != null and liaocangmingcheng != ''"> and LiaoCangMingCheng = #{liaocangmingcheng} </if>
		  		  <if test="dangqianpinzhong != null and dangqianpinzhong != ''"> and DangQianPinZhong = #{dangqianpinzhong} </if>
		  		  <if test="dangqianshuliang != null and dangqianshuliang != ''"> and DangQianShuLiang = #{dangqianshuliang} </if>
		  		  <if test="gongxu != null and gongxu != ''"> and GongXu = #{gongxu} </if>
			      <if test="picihao != null and picihao!=''"> and PiCiHao = #{picihao} </if>
			      <if test="chengfen != null and chengfen!=''">and Chengfen = #{chengfen} </if>
		  		  <if test="zhuangtai != null and zhuangtai != ''"> and ZhuangTai = #{zhuangtai} </if>
		  		  <if test="beizhu != null and beizhu != ''"> and BeiZhu = #{beizhu} </if>
		  		</where>
	</select>
	 
	<insert id="save" parameterType="com.bootdo.wuliao.domain.LiaocangDO" useGeneratedKeys="true" keyProperty="id">
		insert into tb_liaocang
		(
		    `Luci`,
			`LiaoCangHao`, 
			`LiaoCangMingCheng`, 
			`DangQianPinZhong`,
			`DangQianShuLiang`, 
			`GongXu`,
			`PiCiHao`,
			`Chengfen`,
			`ZhuangTai`, 
			`BeiZhu`
		)
		values
		(
		    #{luci},
			#{liaocanghao}, 
			#{liaocangmingcheng}, 
			#{dangqianpinzhong},
			#{dangqianshuliang}, 
			#{gongxu},
			#{picihao},
			#{chengfen},
			#{zhuangtai}, 
			#{beizhu}
		)
	</insert>
	 
	<update id="update" parameterType="com.bootdo.wuliao.domain.LiaocangDO">
		update tb_liaocang 
		<set>
			<if test="luci != null">`Luci` = #{luci}, </if>
			<if test="liaocanghao != null">`LiaoCangHao` = #{liaocanghao}, </if>
			<if test="liaocangmingcheng != null">`LiaoCangMingCheng` = #{liaocangmingcheng}, </if>
			<if test="dangqianpinzhong != null">`DangQianPinZhong` = #{dangqianpinzhong}, </if>
			<if test="dangqianshuliang != null">`DangQianShuLiang` = #{dangqianshuliang}, </if>
			<if test="gongxu != null">`GongXu` = #{gongxu}, </if>
			<if test="picihao != null">`PiCiHao` = #{picihao}, </if>
			<if test="chengfen != null">`Chengfen` = #{chengfen}, </if>
			<if test="zhuangtai != null">`ZhuangTai` = #{zhuangtai}, </if>
			<if test="beizhu != null">`BeiZhu` = #{beizhu} </if>
		</set>
		where ID = #{id}
	</update>
	
	<delete id="remove">
		delete from tb_liaocang where ID = #{value}
	</delete>
	
	<delete id="batchRemove">
		delete from tb_liaocang where ID in 
		<foreach item="id" collection="array" open="(" separator="," close=")">
			#{id}
		</foreach>
	</delete>

</mapper>