<?xml version="1.0" encoding="UTF-8"?>
<!DOCTYPE mapper PUBLIC "-//mybatis.org//DTD Mapper 3.0//EN" "http://mybatis.org/dtd/mybatis-3-mapper.dtd">

<mapper namespace="com.bootdo.wuliao.dao.TbZuidizhiDao">

<select id="get" resultType="com.bootdo.wuliao.domain.TbZuidizhiDo">
		select `ID`,`LiaoCangMingCheng`,`DangQianPinZhong`,`ZuiShaoShuLiang`,`BeiZhu` from tb_zuidizhi where ID = #{value}
	</select>

<select id="list" resultType="com.bootdo.wuliao.domain.TbZuidizhiDo">
    select `ID`,`LiaoCangMingCheng`,`DangQianPinZhong`,`ZuiShaoShuLiang`,`BeiZhu` from tb_zuidizhi
    <where>
        <if test="id != null and id != ''"> and ID = #{id} </if>
        <if test="liaocangmingcheng != null and liaocangmingcheng != ''"> and LiaoCangMingCheng = #{liaocangmingcheng} </if>
        <if test="dangqianpinzhong != null and dangqianpinzhong != ''"> and DangQianPinZhong = #{dangqianpinzhong} </if>
        <if test="zuishaoshuliang != null and zuishaoshuliang != ''"> and ZuiShaoShuLiang = #{zuishaoshuliang} </if>
        <if test="beizhu != null and beizhu != ''"> and BeiZhu = #{beizhu} </if>
    </where>
    <choose>
        <when test="sort != null and sort.trim() != ''">
            order by ${sort} ${order}
        </when>
        <otherwise>
            order by ID asc
        </otherwise>
    </choose>
    <if test="offset != null and limit != null">
        limit #{offset}, #{limit}
    </if>
</select>

<select id="count" resultType="int">
    select count(*) from tb_zuidizhi
    <where>
        <if test="id != null and id != ''"> and ID = #{id} </if>
        <if test="liaocangmingcheng != null and liaocangmingcheng != ''"> and LiaoCangMingCheng = #{liaocangmingcheng} </if>
        <if test="dangqianpinzhong != null and dangqianpinzhong != ''"> and DangQianPinZhong = #{dangqianpinzhong} </if>
        <if test="zuishaoshuliang != null and zuishaoshuliang != ''"> and ZuiShaoShuLiang = #{zuishaoshuliang} </if>
        <if test="beizhu != null and beizhu != ''"> and BeiZhu = #{beizhu} </if>
    </where>
</select>

<insert id="save" parameterType="com.bootdo.wuliao.domain.TbZuidizhiDo" useGeneratedKeys="true" keyProperty="id">
		insert into tb_zuidizhi
		(
			`LiaoCangMingCheng`,
			`DangQianPinZhong`,
			`ZuiShaoShuLiang`,
			`BeiZhu`
		)
		values
		(
			#{liaocangmingcheng},
			#{dangqianpinzhong},
			#{zuishaoshuliang},
			#{beizhu}
		)
	</insert>

<update id="update" parameterType="com.bootdo.wuliao.domain.TbZuidizhiDo">
    update tb_zuidizhi
    <set>
        <if test="liaocangmingcheng != null">`LiaoCangMingCheng` = #{liaocangmingcheng}, </if>
        <if test="dangqianpinzhong != null">`DangQianPinZhong` = #{dangqianpinzhong}, </if>
        <if test="zuishaoshuliang != null">`ZuiShaoShuLiang` = #{zuishaoshuliang}, </if>
        <if test="beizhu != null">`BeiZhu` = #{beizhu}</if>
    </set>
    where ID = #{id}
</update>

<delete id="remove">
		delete from tb_liaocangyuliangbiao where ID = #{value}
	</delete>

<delete id="batchRemove">
    delete from tb_zuidizhi where ID in
    <foreach item="id" collection="array" open="(" separator="," close=")">
        #{id}
    </foreach>
</delete>




</mapper>