<?xml version="1.0" encoding="UTF-8"?>
<!DOCTYPE mapper PUBLIC "-//mybatis.org//DTD Mapper 3.0//EN" "http://mybatis.org/dtd/mybatis-3-mapper.dtd">

<mapper namespace="com.bootdo.wuliao.dao.WuliaobaobiaoDao">

    <!--<select id="get" resultType="com.bootdo.wuliao.domain.WuliaobaobiaoDO">-->
		<!--select `ID`,`LiaoCangHao`,`LiaoCangMingCheng`,`DangQianPinZhong`,`DangQianShuLiang`,`GongXu`,`ZhuangTai`,`BeiZhu` from tb_liaocangyuliangbiao where ID = #{value}-->
	<!--</select>-->

    <select id="list" resultType="com.bootdo.wuliao.domain.WuliaoVO">
        select tb_wuliao.ID id,
        tb_wuliao.PinZhong pinzhong,
        tb_liaocang.DangQianShuLiang dangqianshuliang,
        tb_shengchanjihua.ShuLiang shuliang,
        tb_shengchanjihua.ShuLiang-tb_liaocang.DangQianShuLiang chae
        from tb_wuliao,tb_liaocang,tb_shengchanjihua
        where tb_wuliao.ID=tb_liaocang.DangQianPinZhong
        and  tb_wuliao.ID=tb_shengchanjihua.ZhongLei

        <!--select tb_wuliao.ID '物料编号',
        tb_wuliao.PinZhong '物料名称',
        tb_liaocang.DangQianShuLiang '剩余量',
        tb_shengchanjihua.ShuLiang '需求量',
        tb_shengchanjihua.ShuLiang-tb_liaocang.DangQianShuLiang '差额'
        from tb_wuliao,tb_liaocang,tb_shengchanjihua
        where tb_wuliao.ID=tb_liaocang.DangQianPinZhong
        and  tb_wuliao.ID=tb_shengchanjihua.ZhongLei-->
        <!--select `ID`,`LiaoCangHao`,`LiaoCangMingCheng`,`DangQianPinZhong`,`DangQianShuLiang`,`GongXu`,`ZhuangTai`,`BeiZhu` from tb_liaocangyuliangbiao
        <where>
            <if test="id != null and id != ''"> and ID = #{id} </if>
            <if test="liaocanghao != null and liaocanghao != ''"> and LiaoCangHao = #{liaocanghao} </if>
            <if test="liaocangmingcheng != null and liaocangmingcheng != ''"> and LiaoCangMingCheng = #{liaocangmingcheng} </if>
            <if test="dangqianpinzhong != null and dangqianpinzhong != ''"> and DangQianPinZhong = #{dangqianpinzhong} </if>
            <if test="dangqianshuliang != null and dangqianshuliang != ''"> and DangQianShuLiang = #{dangqianshuliang} </if>
            <if test="gongxu != null and gongxu != ''"> and GongXu = #{gongxu} </if>
            <if test="zhuangtai != null and zhuangtai != ''"> and ZhuangTai = #{zhuangtai} </if>
            <if test="beizhu != null and beizhu != ''"> and BeiZhu = #{beizhu} </if>
        </where>
        <choose>
            <when test="sort != null and sort.trim() != ''">
                order by ${sort} ${order}
            </when>
            <otherwise>
                order by ID desc
            </otherwise>
        </choose>
        <if test="offset != null and limit != null">
            limit #{offset}, #{limit}
        </if>-->
    </select>

    <select id="count" resultType="int">
        select count(*)
        from tb_wuliao,tb_liaocang,tb_shengchanjihua
        where tb_wuliao.ID=tb_liaocang.DangQianPinZhong
        and  tb_wuliao.ID=tb_shengchanjihua.ZhongLei

        <!--select count(*) from tb_liaocangyuliangbiao
        <where>
            <if test="id != null and id != ''">and ID = #{id}</if>
            <if test="liaocanghao != null and liaocanghao != ''">and LiaoCangHao = #{liaocanghao}</if>
            <if test="liaocangmingcheng != null and liaocangmingcheng != ''">and LiaoCangMingCheng =
                #{liaocangmingcheng}
            </if>
            <if test="dangqianpinzhong != null and dangqianpinzhong != ''">and DangQianPinZhong = #{dangqianpinzhong}
            </if>
            <if test="dangqianshuliang != null and dangqianshuliang != ''">and DangQianShuLiang = #{dangqianshuliang}
            </if>
            <if test="gongxu != null and gongxu != ''">and GongXu = #{gongxu}</if>
            <if test="zhuangtai != null and zhuangtai != ''">and ZhuangTai = #{zhuangtai}</if>
            <if test="beizhu != null and beizhu != ''">and BeiZhu = #{beizhu}</if>
        </where>-->
    </select>

    <!--<insert id="save" parameterType="com.bootdo.wuliao.domain.LiaocangyuliangbiaoDO" useGeneratedKeys="true" keyProperty="id">-->
		<!--insert into tb_liaocangyuliangbiao-->
		<!--(-->
			<!--`LiaoCangHao`,-->
			<!--`LiaoCangMingCheng`,-->
			<!--`DangQianPinZhong`,-->
			<!--`DangQianShuLiang`,-->
			<!--`GongXu`,-->
			<!--`ZhuangTai`,-->
			<!--`BeiZhu`-->
		<!--)-->
		<!--values-->
		<!--(-->
			<!--#{liaocanghao},-->
			<!--#{liaocangmingcheng},-->
			<!--#{dangqianpinzhong},-->
			<!--#{dangqianshuliang},-->
			<!--#{gongxu},-->
			<!--#{zhuangtai},-->
			<!--#{beizhu}-->
		<!--)-->
	<!--</insert>-->

    <!--<update id="update" parameterType="com.bootdo.wuliao.domain.LiaocangyuliangbiaoDO">-->
        <!--update tb_liaocangyuliangbiao-->
        <!--<set>-->
            <!--<if test="liaocanghao != null">`LiaoCangHao` = #{liaocanghao}, </if>-->
            <!--<if test="liaocangmingcheng != null">`LiaoCangMingCheng` = #{liaocangmingcheng}, </if>-->
            <!--<if test="dangqianpinzhong != null">`DangQianPinZhong` = #{dangqianpinzhong}, </if>-->
            <!--<if test="dangqianshuliang != null">`DangQianShuLiang` = #{dangqianshuliang}, </if>-->
            <!--<if test="gongxu != null">`GongXu` = #{gongxu}, </if>-->
            <!--<if test="zhuangtai != null">`ZhuangTai` = #{zhuangtai}, </if>-->
            <!--<if test="beizhu != null">`BeiZhu` = #{beizhu}</if>-->
        <!--</set>-->
        <!--where ID = #{id}-->
    <!--</update>-->

    <!--<delete id="remove">-->
		<!--delete from tb_liaocangyuliangbiao where ID = #{value}-->
	<!--</delete>-->

    <!--<delete id="batchRemove">-->
        <!--delete from tb_liaocangyuliangbiao where ID in-->
        <!--<foreach item="id" collection="array" open="(" separator="," close=")">-->
            <!--#{id}-->
        <!--</foreach>-->
    <!--</delete>-->

</mapper>